{"cameraMode":{"drawMode":0,"name":"Shaded","section":"Shading Mode"},"sceneLighting":true,"audioPlay":false,"sceneViewState":{"m_AlwaysRefresh":false,"showFog":true,"showSkybox":true,"showFlares":true,"showImageEffects":true,"showParticleSystems":true,"showVisualEffectGraphs":true,"m_FxEnabled":true},"in2DMode":false,"pivot":{"x":-10.150476455688477,"y":-0.40470409393310549,"z":32.70171356201172},"rotation":{"x":0.06552891433238983,"y":-0.8213354349136353,"z":0.09637784212827683,"w":0.5584245324134827},"size":19.587299346923829,"orthographic":false}